"","year","rgb","count"
"1",1965,"0020A0",1
"2",1978,"0020A0",19
"3",1979,"0020A0",33
"4",1980,"0020A0",18
"5",1981,"0020A0",37
"6",1982,"0020A0",8
"7",1983,"0020A0",26
"8",1984,"0020A0",8
"9",1985,"0020A0",30
"10",1986,"0020A0",38
"11",1987,"0020A0",55
"12",1988,"0020A0",96
"13",1989,"0020A0",38
"14",1990,"0020A0",53
"15",1991,"0020A0",80
"16",1992,"0020A0",87
"17",1993,"0020A0",47
"18",1994,"0020A0",152
"19",1995,"0020A0",110
"20",1996,"0020A0",102
"21",1997,"0020A0",50
"22",1998,"0020A0",131
"23",1999,"0020A0",191
"24",2000,"0020A0",99
"25",2001,"0020A0",93
"26",2002,"0020A0",129
"27",2003,"0020A0",324
"28",2004,"0020A0",361
"29",2005,"0020A0",729
"30",2006,"0020A0",337
"31",2007,"0020A0",647
"32",2008,"0020A0",353
"33",2009,"0020A0",373
"34",2010,"0020A0",342
"35",2011,"0020A0",392
"36",2012,"0020A0",294
"37",2013,"0020A0",676
"38",2014,"0020A0",461
"39",2015,"0020A0",496
"40",2016,"0020A0",572
"41",2017,"0020A0",399
"42",2018,"0020A0",290
"43",2019,"0020A0",321
"44",2020,"0020A0",269
"45",2021,"0020A0",90
"46",1963,"0033B2",6
"47",2004,"0033B2",7
"48",1949,"0055BF",96
"49",1950,"0055BF",10
"50",1953,"0055BF",1
"51",1954,"0055BF",13
"52",1955,"0055BF",187
"53",1956,"0055BF",6
"54",1957,"0055BF",64
"55",1958,"0055BF",277
"56",1959,"0055BF",23
"57",1960,"0055BF",50
"58",1961,"0055BF",121
"59",1962,"0055BF",376
"60",1963,"0055BF",141
"61",1964,"0055BF",243
"62",1965,"0055BF",139
"63",1966,"0055BF",998
"64",1967,"0055BF",605
"65",1968,"0055BF",394
"66",1969,"0055BF",936
"67",1970,"0055BF",306
"68",1971,"0055BF",407
"69",1972,"0055BF",785
"70",1973,"0055BF",1115
"71",1974,"0055BF",553
"72",1975,"0055BF",937
"73",1976,"0055BF",1714
"74",1977,"0055BF",1292
"75",1978,"0055BF",798
"76",1979,"0055BF",1561
"77",1980,"0055BF",1484
"78",1981,"0055BF",728
"79",1982,"0055BF",666
"80",1983,"0055BF",648
"81",1984,"0055BF",1031
"82",1985,"0055BF",2295
"83",1986,"0055BF",1526
"84",1987,"0055BF",1539
"85",1988,"0055BF",538
"86",1989,"0055BF",1285
"87",1990,"0055BF",1630
"88",1991,"0055BF",1215
"89",1992,"0055BF",791
"90",1993,"0055BF",1165
"91",1994,"0055BF",1045
"92",1995,"0055BF",2583
"93",1996,"0055BF",2458
"94",1997,"0055BF",2237
"95",1998,"0055BF",5563
"96",1999,"0055BF",3009
"97",2000,"0055BF",2363
"98",2001,"0055BF",2310
"99",2002,"0055BF",2979
"100",2003,"0055BF",3717
"101",2004,"0055BF",4408
"102",2005,"0055BF",4100
"103",2006,"0055BF",5464
"104",2007,"0055BF",3971
"105",2008,"0055BF",5066
"106",2009,"0055BF",5287
"107",2010,"0055BF",5973
"108",2011,"0055BF",3894
"109",2012,"0055BF",4320
"110",2013,"0055BF",5354
"111",2014,"0055BF",6076
"112",2015,"0055BF",6579
"113",2016,"0055BF",7527
"114",2017,"0055BF",6786
"115",2018,"0055BF",6402
"116",2019,"0055BF",7114
"117",2020,"0055BF",7043
"118",2021,"0055BF",1656
"119",1998,"008F9B",458
"120",1999,"008F9B",216
"121",2000,"008F9B",102
"122",2001,"008F9B",83
"123",2002,"008F9B",64
"124",2003,"008F9B",34
"125",2004,"008F9B",35
"126",2005,"008F9B",12
"127",2018,"008F9B",516
"128",2019,"008F9B",742
"129",2020,"008F9B",1549
"130",2021,"008F9B",349
"131",1949,"039CBD",24
"132",1955,"05131D",1
"133",1956,"05131D",7
"134",1957,"05131D",28
"135",1958,"05131D",201
"136",1959,"05131D",1
"137",1960,"05131D",21
"138",1961,"05131D",16
"139",1962,"05131D",364
"140",1963,"05131D",163
"141",1964,"05131D",208
"142",1965,"05131D",169
"143",1966,"05131D",262
"144",1967,"05131D",478
"145",1968,"05131D",681
"146",1969,"05131D",920
"147",1970,"05131D",542
"148",1971,"05131D",600
"149",1972,"05131D",675
"150",1973,"05131D",998
"151",1974,"05131D",843
"152",1975,"05131D",1136
"153",1976,"05131D",2571
"154",1977,"05131D",1777
"155",1978,"05131D",2765
"156",1979,"05131D",1529
"157",1980,"05131D",3127
"158",1981,"05131D",1684
"159",1982,"05131D",1154
"160",1983,"05131D",1673
"161",1984,"05131D",1851
"162",1985,"05131D",3918
"163",1986,"05131D",3747
"164",1987,"05131D",3779
"165",1988,"05131D",3269
"166",1989,"05131D",4172
"167",1990,"05131D",4263
"168",1991,"05131D",5550
"169",1992,"05131D",3878
"170",1993,"05131D",4783
"171",1994,"05131D",5806
"172",1995,"05131D",5896
"173",1996,"05131D",8590
"174",1997,"05131D",7186
"175",1998,"05131D",11914
"176",1999,"05131D",8055
"177",2000,"05131D",8779
"178",2001,"05131D",10818
"179",2002,"05131D",15204
"180",2003,"05131D",16577
"181",2004,"05131D",10601
"182",2005,"05131D",16633
"183",2006,"05131D",20250
"184",2007,"05131D",16219
"185",2008,"05131D",17559
"186",2009,"05131D",17408
"187",2010,"05131D",17718
"188",2011,"05131D",17503
"189",2012,"05131D",16239
"190",2013,"05131D",22135
"191",2014,"05131D",24308
"192",2015,"05131D",27983
"193",2016,"05131D",28108
"194",2017,"05131D",30335
"195",2018,"05131D",29908
"196",2019,"05131D",31262
"197",2020,"05131D",39653
"198",2021,"05131D",7575
"199",2011,"078BC9",8
"200",2012,"078BC9",19
"201",2013,"078BC9",311
"202",2014,"078BC9",143
"203",2015,"078BC9",122
"204",2016,"078BC9",846
"205",2017,"078BC9",556
"206",2018,"078BC9",1211
"207",2019,"078BC9",961
"208",2020,"078BC9",1023
"209",2021,"078BC9",480
"210",1997,"0A3463",3
"211",1998,"0A3463",3
"212",1999,"0A3463",3
"213",2001,"0A3463",7
"214",2002,"0A3463",38
"215",2003,"0A3463",215
"216",2004,"0A3463",324
"217",2005,"0A3463",1182
"218",2006,"0A3463",242
"219",2007,"0A3463",808
"220",2008,"0A3463",1508
"221",2009,"0A3463",857
"222",2010,"0A3463",592
"223",2011,"0A3463",492
"224",2012,"0A3463",685
"225",2013,"0A3463",789
"226",2014,"0A3463",688
"227",2015,"0A3463",1943
"228",2016,"0A3463",1231
"229",2017,"0A3463",2113
"230",2018,"0A3463",2604
"231",2019,"0A3463",3388
"232",2020,"0A3463",3112
"233",2021,"0A3463",898
"234",1999,"184632",2
"235",2004,"184632",166
"236",2005,"184632",193
"237",2006,"184632",265
"238",2007,"184632",118
"239",2008,"184632",541
"240",2009,"184632",468
"241",2010,"184632",462
"242",2011,"184632",539
"243",2012,"184632",992
"244",2013,"184632",768
"245",2014,"184632",711
"246",2015,"184632",985
"247",2016,"184632",568
"248",2017,"184632",1060
"249",2018,"184632",1237
"250",2019,"184632",1110
"251",2020,"184632",961
"252",2021,"184632",282
"253",1949,"1E601E",32
"254",2004,"2032B0",3
"255",2005,"2032B0",4
"256",2006,"2032B0",1
"257",1949,"237841",142
"258",1950,"237841",9
"259",1953,"237841",13
"260",1954,"237841",4
"261",1955,"237841",6
"262",1957,"237841",4
"263",1958,"237841",8
"264",1960,"237841",2
"265",1961,"237841",10
"266",1962,"237841",184
"267",1963,"237841",3
"268",1964,"237841",8
"269",1966,"237841",45
"270",1967,"237841",36
"271",1968,"237841",13
"272",1969,"237841",32
"273",1970,"237841",130
"274",1971,"237841",102
"275",1972,"237841",16
"276",1973,"237841",56
"277",1974,"237841",13
"278",1975,"237841",33
"279",1976,"237841",77
"280",1977,"237841",47
"281",1978,"237841",104
"282",1979,"237841",86
"283",1980,"237841",87
"284",1981,"237841",131
"285",1982,"237841",61
"286",1983,"237841",61
"287",1984,"237841",74
"288",1985,"237841",259
"289",1986,"237841",178
"290",1987,"237841",218
"291",1988,"237841",148
"292",1989,"237841",244
"293",1990,"237841",265
"294",1991,"237841",265
"295",1992,"237841",241
"296",1993,"237841",294
"297",1994,"237841",369
"298",1995,"237841",434
"299",1996,"237841",799
"300",1997,"237841",1449
"301",1998,"237841",2450
"302",1999,"237841",1389
"303",2000,"237841",1962
"304",2001,"237841",2683
"305",2002,"237841",2087
"306",2003,"237841",1561
"307",2004,"237841",1721
"308",2005,"237841",2038
"309",2006,"237841",1957
"310",2007,"237841",1299
"311",2008,"237841",1544
"312",2009,"237841",1700
"313",2010,"237841",2582
"314",2011,"237841",1445
"315",2012,"237841",2275
"316",2013,"237841",2400
"317",2014,"237841",2085
"318",2015,"237841",2368
"319",2016,"237841",2612
"320",2017,"237841",3032
"321",2018,"237841",3077
"322",2019,"237841",2222
"323",2020,"237841",2732
"324",2021,"237841",1208
"325",1963,"27867E",5
"326",1963,"330000",6
"327",2008,"352100",265
"328",2009,"352100",199
"329",2010,"352100",394
"330",2011,"352100",366
"331",2012,"352100",675
"332",2013,"352100",860
"333",2014,"352100",728
"334",2015,"352100",911
"335",2016,"352100",655
"336",2017,"352100",995
"337",2018,"352100",581
"338",2019,"352100",1029
"339",2020,"352100",1911
"340",2021,"352100",261
"341",1974,"3592C3",7
"342",1980,"3592C3",115
"343",1985,"3592C3",113
"344",1986,"3592C3",18
"345",1992,"3592C3",4
"346",1993,"3592C3",3
"347",1995,"3592C3",18
"348",2004,"3592C3",166
"349",2006,"3592C3",4
"350",2010,"36AEBF",4
"351",2012,"36AEBF",243
"352",2013,"36AEBF",272
"353",2014,"36AEBF",795
"354",2015,"36AEBF",1044
"355",2016,"36AEBF",931
"356",2017,"36AEBF",1319
"357",2018,"36AEBF",1064
"358",2019,"36AEBF",1377
"359",2020,"36AEBF",2433
"360",2021,"36AEBF",419
"361",1999,"3CB371",2
"362",2003,"3F3691",1
"363",2004,"3F3691",249
"364",2005,"3F3691",63
"365",2006,"3F3691",25
"366",2007,"3F3691",8
"367",2008,"3F3691",31
"368",2009,"3F3691",1
"369",2010,"3F3691",101
"370",2011,"3F3691",483
"371",2012,"3F3691",287
"372",2013,"3F3691",277
"373",2014,"3F3691",506
"374",2015,"3F3691",1111
"375",2016,"3F3691",799
"376",2017,"3F3691",1211
"377",2018,"3F3691",1055
"378",2019,"3F3691",964
"379",2020,"3F3691",1130
"380",2021,"3F3691",375
"381",1999,"4354A3",12
"382",2000,"4354A3",11
"383",2001,"4354A3",6
"384",2002,"4354A3",36
"385",2003,"4354A3",60
"386",2004,"4354A3",6
"387",1963,"467083",14
"388",1949,"4B9F4A",3
"389",1988,"4B9F4A",1
"390",1995,"4B9F4A",3
"391",1996,"4B9F4A",4
"392",1997,"4B9F4A",34
"393",1998,"4B9F4A",72
"394",1999,"4B9F4A",109
"395",2000,"4B9F4A",85
"396",2001,"4B9F4A",53
"397",2002,"4B9F4A",162
"398",2003,"4B9F4A",168
"399",2004,"4B9F4A",391
"400",2005,"4B9F4A",220
"401",2006,"4B9F4A",274
"402",2007,"4B9F4A",242
"403",2008,"4B9F4A",425
"404",2009,"4B9F4A",272
"405",2010,"4B9F4A",291
"406",2011,"4B9F4A",184
"407",2012,"4B9F4A",498
"408",2013,"4B9F4A",424
"409",2014,"4B9F4A",543
"410",2015,"4B9F4A",742
"411",2016,"4B9F4A",711
"412",2017,"4B9F4A",581
"413",2018,"4B9F4A",657
"414",2019,"4B9F4A",640
"415",2020,"4B9F4A",1199
"416",2021,"4B9F4A",466
"417",1985,"4C61DB",1
"418",2007,"4C61DB",1
"419",1963,"4D4C52",62
"420",1998,"55A5AF",9
"421",1999,"55A5AF",10
"422",2000,"55A5AF",47
"423",2001,"55A5AF",12
"424",2002,"55A5AF",4
"425",2003,"55A5AF",41
"426",2004,"55A5AF",2
"427",2002,"575857",76
"428",2003,"575857",61
"429",2004,"575857",46
"430",2005,"575857",37
"431",2006,"575857",60
"432",2007,"575857",32
"433",2008,"575857",51
"434",2009,"575857",25
"435",2010,"575857",36
"436",2011,"575857",168
"437",2012,"575857",276
"438",2013,"575857",253
"439",2014,"575857",235
"440",2015,"575857",324
"441",2016,"575857",230
"442",2017,"575857",310
"443",2018,"575857",304
"444",2019,"575857",604
"445",2020,"575857",779
"446",2021,"575857",203
"447",2000,"582A12",1
"448",2003,"582A12",52
"449",2004,"582A12",1069
"450",2005,"582A12",3707
"451",2006,"582A12",1740
"452",2007,"582A12",1644
"453",2008,"582A12",2064
"454",2009,"582A12",3016
"455",2010,"582A12",3165
"456",2011,"582A12",4448
"457",2012,"582A12",4702
"458",2013,"582A12",5232
"459",2014,"582A12",6531
"460",2015,"582A12",5066
"461",2016,"582A12",6467
"462",2017,"582A12",7743
"463",2018,"582A12",8675
"464",2019,"582A12",8251
"465",2020,"582A12",9149
"466",2021,"582A12",1633
"467",1974,"583927",8
"468",1975,"583927",5
"469",1976,"583927",11
"470",1977,"583927",6
"471",1978,"583927",36
"472",1979,"583927",27
"473",1980,"583927",14
"474",1981,"583927",10
"475",1982,"583927",23
"476",1983,"583927",9
"477",1984,"583927",54
"478",1985,"583927",75
"479",1986,"583927",80
"480",1987,"583927",63
"481",1988,"583927",56
"482",1989,"583927",403
"483",1990,"583927",126
"484",1991,"583927",181
"485",1992,"583927",201
"486",1993,"583927",240
"487",1994,"583927",176
"488",1995,"583927",193
"489",1996,"583927",699
"490",1997,"583927",460
"491",1998,"583927",516
"492",1999,"583927",310
"493",2000,"583927",712
"494",2001,"583927",918
"495",2002,"583927",1344
"496",2003,"583927",1326
"497",2004,"583927",340
"498",2005,"583927",246
"499",2006,"583927",58
"500",2011,"583927",12
"501",2020,"583927",48
"502",2021,"583927",8
"503",1963,"595D60",1
"504",1984,"5A93DB",1
"505",1986,"5A93DB",1
"506",1988,"5A93DB",9
"507",1991,"5A93DB",2
"508",1992,"5A93DB",9
"509",1995,"5A93DB",2
"510",1997,"5A93DB",22
"511",1998,"5A93DB",16
"512",1999,"5A93DB",46
"513",2000,"5A93DB",55
"514",2001,"5A93DB",111
"515",2002,"5A93DB",230
"516",2003,"5A93DB",230
"517",2004,"5A93DB",512
"518",2005,"5A93DB",643
"519",2006,"5A93DB",207
"520",2007,"5A93DB",685
"521",2008,"5A93DB",715
"522",2009,"5A93DB",379
"523",2010,"5A93DB",1238
"524",2011,"5A93DB",521
"525",2012,"5A93DB",1019
"526",2013,"5A93DB",452
"527",2014,"5A93DB",573
"528",2015,"5A93DB",792
"529",2016,"5A93DB",380
"530",2017,"5A93DB",1137
"531",2018,"5A93DB",545
"532",2019,"5A93DB",238
"533",2020,"5A93DB",499
"534",2021,"5A93DB",74
"535",2005,"5AC4DA",166
"536",2006,"5AC4DA",328
"537",2010,"5AC4DA",166
"538",2011,"5AC4DA",235
"539",1963,"5C5030",35
"540",2001,"6074A1",138
"541",2002,"6074A1",126
"542",2003,"6074A1",135
"543",2004,"6074A1",408
"544",2005,"6074A1",170
"545",2006,"6074A1",51
"546",2007,"6074A1",1
"547",2010,"6074A1",1
"548",2011,"6074A1",207
"549",2012,"6074A1",14
"550",2013,"6074A1",1
"551",2014,"6074A1",138
"552",2015,"6074A1",59
"553",2016,"6074A1",306
"554",2017,"6074A1",331
"555",2018,"6074A1",423
"556",2019,"6074A1",418
"557",2020,"6074A1",380
"558",2021,"6074A1",149
"559",1963,"61AFFF",1
"560",1999,"635F52",7
"561",2000,"635F52",10
"562",2001,"635F52",37
"563",2002,"635F52",80
"564",2003,"635F52",262
"565",2004,"635F52",261
"566",2005,"635F52",236
"567",2006,"635F52",512
"568",2007,"635F52",247
"569",2008,"635F52",275
"570",2009,"635F52",226
"571",2010,"635F52",341
"572",2011,"635F52",177
"573",2012,"635F52",362
"574",2013,"635F52",726
"575",2014,"635F52",381
"576",2015,"635F52",586
"577",2016,"635F52",929
"578",2017,"635F52",465
"579",2018,"635F52",415
"580",2019,"635F52",441
"581",2020,"635F52",651
"582",2021,"635F52",50
"583",2001,"645A4C",8
"584",2002,"645A4C",6
"585",2003,"645A4C",3
"586",2004,"645A4C",4
"587",2005,"645A4C",13
"588",2004,"6874CA",155
"589",2005,"6874CA",55
"590",1963,"68AECE",18
"591",2015,"68BCC5",6
"592",2016,"68BCC5",5
"593",2017,"68BCC5",13
"594",2019,"68BCC5",25
"595",2020,"68BCC5",84
"596",2021,"68BCC5",29
"597",1963,"6B5A5A",15
"598",1992,"6C6E68",16
"599",1993,"6C6E68",32
"600",1996,"6C6E68",37
"601",1998,"6C6E68",18
"602",2000,"6C6E68",18
"603",2001,"6C6E68",4
"604",2003,"6C6E68",2304
"605",2004,"6C6E68",4154
"606",2005,"6C6E68",8875
"607",2006,"6C6E68",9473
"608",2007,"6C6E68",14773
"609",2008,"6C6E68",11058
"610",2009,"6C6E68",9633
"611",2010,"6C6E68",11436
"612",2011,"6C6E68",10576
"613",2012,"6C6E68",11689
"614",2013,"6C6E68",11871
"615",2014,"6C6E68",14190
"616",2015,"6C6E68",18178
"617",2016,"6C6E68",19336
"618",2017,"6C6E68",20294
"619",2018,"6C6E68",16465
"620",2019,"6C6E68",18626
"621",2020,"6C6E68",16921
"622",2021,"6C6E68",2468
"623",1998,"6C96BF",1
"624",2001,"6C96BF",3
"625",2002,"6C96BF",1
"626",2005,"6C96BF",2
"627",2006,"6C96BF",1
"628",1978,"6D6E5C",8
"629",1979,"6D6E5C",6
"630",1980,"6D6E5C",293
"631",1981,"6D6E5C",41
"632",1982,"6D6E5C",11
"633",1983,"6D6E5C",72
"634",1984,"6D6E5C",37
"635",1985,"6D6E5C",174
"636",1986,"6D6E5C",23
"637",1987,"6D6E5C",19
"638",1988,"6D6E5C",47
"639",1989,"6D6E5C",153
"640",1990,"6D6E5C",70
"641",1991,"6D6E5C",224
"642",1992,"6D6E5C",107
"643",1993,"6D6E5C",171
"644",1994,"6D6E5C",230
"645",1995,"6D6E5C",289
"646",1996,"6D6E5C",540
"647",1997,"6D6E5C",561
"648",1998,"6D6E5C",1756
"649",1999,"6D6E5C",1608
"650",2000,"6D6E5C",2529
"651",2001,"6D6E5C",2984
"652",2002,"6D6E5C",4522
"653",2003,"6D6E5C",5327
"654",2004,"6D6E5C",724
"655",2005,"6D6E5C",116
"656",2006,"6D6E5C",70
"657",2007,"6D6E5C",1
"658",2000,"720E0F",1
"659",2001,"720E0F",78
"660",2002,"720E0F",71
"661",2003,"720E0F",219
"662",2004,"720E0F",688
"663",2005,"720E0F",1587
"664",2006,"720E0F",634
"665",2007,"720E0F",1113
"666",2008,"720E0F",1231
"667",2009,"720E0F",1204
"668",2010,"720E0F",880
"669",2011,"720E0F",2020
"670",2012,"720E0F",1442
"671",2013,"720E0F",1600
"672",2014,"720E0F",1009
"673",2015,"720E0F",1874
"674",2016,"720E0F",1602
"675",2017,"720E0F",1710
"676",2018,"720E0F",2805
"677",2019,"720E0F",1963
"678",2020,"720E0F",2705
"679",2021,"720E0F",776
"680",1993,"73DCA1",5
"681",1994,"73DCA1",72
"682",1995,"73DCA1",51
"683",1996,"73DCA1",34
"684",1997,"73DCA1",81
"685",1998,"73DCA1",42
"686",1999,"73DCA1",7
"687",2000,"73DCA1",27
"688",2001,"73DCA1",15
"689",2002,"73DCA1",7
"690",2003,"73DCA1",29
"691",2004,"73DCA1",17
"692",2005,"73DCA1",3
"693",2002,"7988A1",81
"694",2003,"7988A1",14
"695",2004,"7988A1",9
"696",2005,"7988A1",8
"697",2006,"7988A1",3
"698",2004,"7C503A",40
"699",2005,"7C503A",60
"700",2006,"7C503A",47
"701",2010,"7C503A",3
"702",1963,"7C9051",22
"703",1963,"7DB538",32
"704",2003,"7DBFDD",31
"705",2004,"7DBFDD",55
"706",2005,"7DBFDD",19
"707",2006,"7DBFDD",1
"708",2007,"7DBFDD",2
"709",1996,"81007B",1
"710",1997,"81007B",1
"711",1998,"81007B",299
"712",1999,"81007B",192
"713",2000,"81007B",54
"714",2001,"81007B",46
"715",2002,"81007B",198
"716",2003,"81007B",93
"717",2004,"81007B",50
"718",2005,"81007B",16
"719",2006,"81007B",7
"720",2007,"81007B",1
"721",2008,"81007B",1
"722",2009,"81007B",1
"723",2001,"845E84",96
"724",2002,"845E84",1
"725",2003,"845E84",1
"726",1969,"84B68D",2
"727",1978,"84B68D",11
"728",1979,"84B68D",37
"729",1980,"84B68D",25
"730",1981,"84B68D",20
"731",1982,"84B68D",13
"732",1983,"84B68D",21
"733",1984,"84B68D",19
"734",1985,"84B68D",35
"735",1986,"84B68D",46
"736",1987,"84B68D",36
"737",1988,"84B68D",18
"738",1989,"84B68D",15
"739",1990,"84B68D",27
"740",1991,"84B68D",38
"741",1992,"84B68D",46
"742",1993,"84B68D",51
"743",1994,"84B68D",28
"744",1995,"84B68D",24
"745",1996,"84B68D",66
"746",1997,"84B68D",72
"747",1998,"84B68D",192
"748",1999,"84B68D",91
"749",2000,"84B68D",83
"750",2001,"84B68D",74
"751",2002,"84B68D",109
"752",2003,"84B68D",120
"753",2004,"84B68D",145
"754",2005,"84B68D",91
"755",2006,"84B68D",76
"756",2007,"84B68D",166
"757",2008,"84B68D",140
"758",2009,"84B68D",210
"759",2010,"84B68D",228
"760",2011,"84B68D",173
"761",2012,"84B68D",241
"762",2013,"84B68D",175
"763",2014,"84B68D",222
"764",2015,"84B68D",260
"765",2016,"84B68D",329
"766",2017,"84B68D",245
"767",2018,"84B68D",298
"768",2019,"84B68D",231
"769",2020,"84B68D",174
"770",2021,"84B68D",24
"771",1998,"898788",5
"772",2000,"898788",104
"773",2001,"898788",77
"774",2002,"898788",124
"775",2003,"898788",182
"776",2004,"898788",170
"777",2005,"898788",347
"778",2006,"898788",312
"779",2007,"898788",87
"780",2008,"898788",27
"781",2009,"898788",26
"782",2010,"898788",145
"783",2011,"898788",313
"784",2012,"898788",493
"785",2013,"898788",867
"786",2014,"898788",1536
"787",2015,"898788",1769
"788",2016,"898788",1809
"789",2017,"898788",1893
"790",2018,"898788",1862
"791",2019,"898788",1566
"792",2020,"898788",1623
"793",2021,"898788",855
"794",2001,"899B5F",23
"795",2003,"899B5F",14
"796",2004,"8E5597",3
"797",2005,"8E5597",46
"798",1963,"907450",32
"799",2000,"923978",10
"800",2001,"923978",2
"801",2002,"923978",5
"802",2003,"923978",57
"803",2004,"923978",51
"804",2005,"923978",47
"805",2006,"923978",61
"806",2007,"923978",19
"807",2008,"923978",72
"808",2009,"923978",20
"809",2010,"923978",140
"810",2011,"923978",46
"811",2012,"923978",87
"812",2013,"923978",185
"813",2014,"923978",471
"814",2015,"923978",809
"815",2016,"923978",811
"816",2017,"923978",850
"817",2018,"923978",671
"818",2019,"923978",859
"819",2020,"923978",1045
"820",2021,"923978",242
"821",1999,"9391E4",21
"822",2000,"9391E4",4
"823",2003,"9391E4",5
"824",2004,"9391E4",6
"825",2005,"9391E4",1
"826",2005,"94E5AB",33
"827",2006,"94E5AB",2
"828",2002,"958A73",17
"829",2003,"958A73",14
"830",2004,"958A73",62
"831",2005,"958A73",81
"832",2006,"958A73",44
"833",2007,"958A73",42
"834",2008,"958A73",323
"835",2009,"958A73",538
"836",2010,"958A73",622
"837",2011,"958A73",1201
"838",2012,"958A73",1688
"839",2013,"958A73",2724
"840",2014,"958A73",1290
"841",2015,"958A73",2130
"842",2016,"958A73",2909
"843",2017,"958A73",2816
"844",2018,"958A73",3421
"845",2019,"958A73",2562
"846",2020,"958A73",5869
"847",2021,"958A73",599
"848",2005,"96709F",54
"849",2006,"96709F",8
"850",2004,"9B9A5A",1
"851",2012,"9B9A5A",68
"852",2013,"9B9A5A",500
"853",2014,"9B9A5A",754
"854",2015,"9B9A5A",285
"855",2016,"9B9A5A",175
"856",2017,"9B9A5A",503
"857",2018,"9B9A5A",497
"858",2019,"9B9A5A",926
"859",2020,"9B9A5A",785
"860",2021,"9B9A5A",73
"861",1954,"9BA19D",1
"862",1957,"9BA19D",2
"863",1959,"9BA19D",4
"864",1961,"9BA19D",1
"865",1962,"9BA19D",337
"866",1963,"9BA19D",76
"867",1964,"9BA19D",101
"868",1965,"9BA19D",76
"869",1966,"9BA19D",294
"870",1967,"9BA19D",271
"871",1968,"9BA19D",283
"872",1969,"9BA19D",309
"873",1970,"9BA19D",162
"874",1971,"9BA19D",85
"875",1972,"9BA19D",174
"876",1973,"9BA19D",128
"877",1974,"9BA19D",211
"878",1975,"9BA19D",118
"879",1976,"9BA19D",306
"880",1977,"9BA19D",796
"881",1978,"9BA19D",1367
"882",1979,"9BA19D",2012
"883",1980,"9BA19D",2504
"884",1981,"9BA19D",1405
"885",1982,"9BA19D",839
"886",1983,"9BA19D",1071
"887",1984,"9BA19D",1488
"888",1985,"9BA19D",2444
"889",1986,"9BA19D",3043
"890",1987,"9BA19D",1714
"891",1988,"9BA19D",1339
"892",1989,"9BA19D",2110
"893",1990,"9BA19D",2816
"894",1991,"9BA19D",2993
"895",1992,"9BA19D",2797
"896",1993,"9BA19D",2761
"897",1994,"9BA19D",3675
"898",1995,"9BA19D",4275
"899",1996,"9BA19D",4317
"900",1997,"9BA19D",5112
"901",1998,"9BA19D",5153
"902",1999,"9BA19D",5434
"903",2000,"9BA19D",5088
"904",2001,"9BA19D",5938
"905",2002,"9BA19D",12187
"906",2003,"9BA19D",9802
"907",2004,"9BA19D",1128
"908",2005,"9BA19D",110
"909",2006,"9BA19D",108
"910",2007,"9BA19D",1
"911",2008,"9BA19D",1
"912",1963,"9C9C9C",54
"913",1998,"9CA3A8",17
"914",2001,"9CA3A8",12
"915",2002,"9CA3A8",296
"916",2003,"9CA3A8",301
"917",2004,"9CA3A8",233
"918",2005,"9CA3A8",450
"919",2006,"9CA3A8",527
"920",2007,"9CA3A8",598
"921",2008,"9CA3A8",778
"922",2009,"9CA3A8",403
"923",2010,"9CA3A8",284
"924",2011,"9CA3A8",59
"925",2012,"9CA3A8",29
"926",2013,"9CA3A8",3
"927",2016,"9CA3A8",1
"928",2018,"9CA3A8",4
"929",2019,"9CA3A8",1
"930",2020,"9CA3A8",5
"931",2004,"9FC3E9",13
"932",2005,"9FC3E9",38
"933",2006,"9FC3E9",13
"934",2007,"9FC3E9",8
"935",2008,"9FC3E9",13
"936",2009,"9FC3E9",7
"937",2010,"9FC3E9",17
"938",2011,"9FC3E9",21
"939",2012,"9FC3E9",55
"940",2013,"9FC3E9",39
"941",2014,"9FC3E9",77
"942",2015,"9FC3E9",103
"943",2016,"9FC3E9",117
"944",2017,"9FC3E9",250
"945",2018,"9FC3E9",156
"946",2019,"9FC3E9",122
"947",2020,"9FC3E9",173
"948",2021,"9FC3E9",109
"949",1998,"A0A5A9",17
"950",1999,"A0A5A9",1
"951",2002,"A0A5A9",32
"952",2003,"A0A5A9",2124
"953",2004,"A0A5A9",6420
"954",2005,"A0A5A9",9139
"955",2006,"A0A5A9",12831
"956",2007,"A0A5A9",15280
"957",2008,"A0A5A9",13814
"958",2009,"A0A5A9",13493
"959",2010,"A0A5A9",14805
"960",2011,"A0A5A9",15071
"961",2012,"A0A5A9",17229
"962",2013,"A0A5A9",16774
"963",2014,"A0A5A9",21045
"964",2015,"A0A5A9",24831
"965",2016,"A0A5A9",26518
"966",2017,"A0A5A9",31055
"967",2018,"A0A5A9",25884
"968",2019,"A0A5A9",28365
"969",2020,"A0A5A9",24665
"970",2021,"A0A5A9",4642
"971",2000,"A0BCAC",2867
"972",2001,"A0BCAC",111
"973",2002,"A0BCAC",601
"974",2003,"A0BCAC",151
"975",2004,"A0BCAC",180
"976",2005,"A0BCAC",78
"977",2006,"A0BCAC",46
"978",2007,"A0BCAC",74
"979",2008,"A0BCAC",281
"980",2009,"A0BCAC",10
"981",2010,"A0BCAC",154
"982",2011,"A0BCAC",390
"983",2012,"A0BCAC",553
"984",2013,"A0BCAC",48
"985",2014,"A0BCAC",285
"986",2015,"A0BCAC",279
"987",2016,"A0BCAC",407
"988",2017,"A0BCAC",1527
"989",2018,"A0BCAC",861
"990",2019,"A0BCAC",1786
"991",2020,"A0BCAC",1099
"992",2021,"A0BCAC",277
"993",2000,"A5A5CB",5
"994",2001,"A5A5CB",9
"995",2002,"A5A5CB",17
"996",2003,"A5A5CB",56
"997",2004,"A5A5CB",124
"998",2005,"A5A5CB",160
"999",2006,"A5A5CB",33
"1000",2007,"A5A5CB",3
"1001",2008,"A5A5CB",4
"1002",2009,"A5A5CB",34
"1003",2010,"A5A5CB",82
"1004",2011,"A5A5CB",12
"1005",2012,"A5A5CB",35
"1006",2013,"A5A5CB",106
"1007",2014,"A5A5CB",20
"1008",2015,"A5A5CB",179
"1009",2016,"A5A5CB",173
"1010",2017,"A5A5CB",267
"1011",2018,"A5A5CB",269
"1012",2019,"A5A5CB",211
"1013",2020,"A5A5CB",187
"1014",2021,"A5A5CB",53
"1015",1957,"A5A9B4",2
"1016",1958,"A5A9B4",10
"1017",1961,"A5A9B4",1
"1018",1962,"A5A9B4",1
"1019",1970,"A5A9B4",8
"1020",1974,"A5A9B4",14
"1021",1998,"A5A9B4",16
"1022",1999,"A5A9B4",18
"1023",2000,"A5A9B4",46
"1024",2001,"A5A9B4",9
"1025",2002,"A5A9B4",10
"1026",2003,"A5A9B4",37
"1027",2004,"A5A9B4",6
"1028",2005,"A5A9B4",62
"1029",2006,"A5A9B4",215
"1030",2007,"A5A9B4",91
"1031",2008,"A5A9B4",305
"1032",2009,"A5A9B4",151
"1033",2010,"A5A9B4",127
"1034",2011,"A5A9B4",132
"1035",2012,"A5A9B4",181
"1036",2013,"A5A9B4",190
"1037",2014,"A5A9B4",216
"1038",2015,"A5A9B4",82
"1039",2016,"A5A9B4",65
"1040",2017,"A5A9B4",55
"1041",2018,"A5A9B4",176
"1042",2019,"A5A9B4",173
"1043",2020,"A5A9B4",178
"1044",2021,"A5A9B4",12
"1045",1979,"A95500",1
"1046",1980,"A95500",1
"1047",1985,"A95500",5
"1048",1986,"A95500",8
"1049",1989,"A95500",1
"1050",1991,"A95500",2
"1051",1994,"A95500",3
"1052",1995,"A95500",1
"1053",1996,"A95500",3
"1054",1997,"A95500",25
"1055",1998,"A95500",17
"1056",1999,"A95500",23
"1057",2000,"A95500",26
"1058",2001,"A95500",53
"1059",2002,"A95500",119
"1060",2003,"A95500",250
"1061",2004,"A95500",220
"1062",2005,"A95500",386
"1063",2006,"A95500",83
"1064",2007,"A95500",89
"1065",2008,"A95500",52
"1066",2009,"A95500",63
"1067",2010,"A95500",145
"1068",2011,"A95500",215
"1069",2012,"A95500",640
"1070",2013,"A95500",216
"1071",2014,"A95500",463
"1072",2015,"A95500",644
"1073",2016,"A95500",534
"1074",2017,"A95500",462
"1075",2018,"A95500",489
"1076",2019,"A95500",1225
"1077",2020,"A95500",1503
"1078",2021,"A95500",160
"1079",2001,"AA4D8E",1
"1080",2002,"AA4D8E",2
"1081",2003,"AA4D8E",18
"1082",2004,"AA4D8E",7
"1083",2005,"AA4D8E",3
"1084",2006,"AA4D8E",5
"1085",2007,"AA4D8E",4
"1086",2002,"AA7F2E",22
"1087",2003,"AA7F2E",1
"1088",2004,"AA7F2E",2
"1089",2005,"AA7F2E",40
"1090",2006,"AA7F2E",137
"1091",2007,"AA7F2E",160
"1092",2008,"AA7F2E",150
"1093",2009,"AA7F2E",362
"1094",2010,"AA7F2E",755
"1095",2011,"AA7F2E",1030
"1096",2012,"AA7F2E",1012
"1097",2013,"AA7F2E",1030
"1098",2014,"AA7F2E",1709
"1099",2015,"AA7F2E",2211
"1100",2016,"AA7F2E",2503
"1101",2017,"AA7F2E",2041
"1102",2018,"AA7F2E",2514
"1103",2019,"AA7F2E",2644
"1104",2020,"AA7F2E",3298
"1105",2021,"AA7F2E",1217
"1106",2002,"ABADAC",2
"1107",2003,"ABADAC",15
"1108",2012,"AC78BA",228
"1109",2013,"AC78BA",164
"1110",2014,"AC78BA",344
"1111",2015,"AC78BA",670
"1112",2016,"AC78BA",448
"1113",2017,"AC78BA",367
"1114",2018,"AC78BA",493
"1115",2019,"AC78BA",387
"1116",2020,"AC78BA",531
"1117",2021,"AC78BA",385
"1118",2011,"ADC3C0",73
"1119",2012,"ADC3C0",84
"1120",2013,"ADC3C0",16
"1121",2014,"ADC3C0",84
"1122",2015,"ADC3C0",106
"1123",2016,"ADC3C0",162
"1124",2017,"ADC3C0",205
"1125",2018,"ADC3C0",360
"1126",2019,"ADC3C0",384
"1127",2020,"ADC3C0",774
"1128",2021,"ADC3C0",418
"1129",2001,"AE7A59",2
"1130",2003,"AE7A59",12
"1131",2004,"AE7A59",29
"1132",2005,"AE7A59",44
"1133",2006,"AE7A59",9
"1134",2007,"AE7A59",2
"1135",2008,"AE7A59",35
"1136",2009,"AE7A59",6
"1137",2011,"AE7A59",2
"1138",2012,"AE7A59",4
"1139",2017,"AE7A59",31
"1140",2018,"AE7A59",11
"1141",2019,"AE7A59",23
"1142",2020,"AE7A59",5
"1143",1985,"AEEFEC",42
"1144",1986,"AEEFEC",26
"1145",1987,"AEEFEC",36
"1146",1988,"AEEFEC",26
"1147",1989,"AEEFEC",47
"1148",1990,"AEEFEC",147
"1149",1991,"AEEFEC",176
"1150",1992,"AEEFEC",48
"1151",1993,"AEEFEC",87
"1152",1994,"AEEFEC",131
"1153",1995,"AEEFEC",50
"1154",1996,"AEEFEC",139
"1155",1997,"AEEFEC",84
"1156",1998,"AEEFEC",88
"1157",1999,"AEEFEC",177
"1158",2000,"AEEFEC",173
"1159",2001,"AEEFEC",121
"1160",2002,"AEEFEC",203
"1161",2003,"AEEFEC",174
"1162",2004,"AEEFEC",278
"1163",2005,"AEEFEC",156
"1164",2006,"AEEFEC",144
"1165",2007,"AEEFEC",221
"1166",2008,"AEEFEC",234
"1167",2009,"AEEFEC",160
"1168",2010,"AEEFEC",357
"1169",2011,"AEEFEC",356
"1170",2012,"AEEFEC",483
"1171",2013,"AEEFEC",1512
"1172",2014,"AEEFEC",1817
"1173",2015,"AEEFEC",2716
"1174",2016,"AEEFEC",1324
"1175",2017,"AEEFEC",2023
"1176",2018,"AEEFEC",1854
"1177",2019,"AEEFEC",2114
"1178",2020,"AEEFEC",1906
"1179",2021,"AEEFEC",365
"1180",1963,"AfB5C7",3
"1181",1991,"B31004",4
"1182",1997,"B31004",6
"1183",1999,"B31004",6
"1184",2000,"B31004",2
"1185",2001,"B31004",1
"1186",1998,"B3D7D1",17
"1187",1999,"B3D7D1",5
"1188",2000,"B3D7D1",42
"1189",2001,"B3D7D1",2
"1190",2002,"B3D7D1",17
"1191",2003,"B3D7D1",52
"1192",2004,"B3D7D1",77
"1193",2005,"B3D7D1",82
"1194",2006,"B3D7D1",31
"1195",2010,"B3D7D1",1
"1196",2003,"B48455",27
"1197",2004,"B48455",29
"1198",2005,"B48455",30
"1199",2006,"B48455",13
"1200",2007,"B48455",1
"1201",1995,"B4D2E3",2
"1202",1996,"B4D2E3",1
"1203",1998,"B4D2E3",1
"1204",2000,"B4D2E3",2
"1205",2001,"B4D2E3",2
"1206",2002,"B4D2E3",12
"1207",2003,"B4D2E3",4
"1208",2004,"B4D2E3",6
"1209",2005,"B4D2E3",8
"1210",2006,"B4D2E3",4
"1211",2007,"B4D2E3",3
"1212",2001,"B4D4F7",2
"1213",2003,"B4D4F7",7
"1214",2004,"B4D4F7",2
"1215",2005,"B4D4F7",89
"1216",1963,"B52C20",24
"1217",1979,"B67B50",1
"1218",1982,"B67B50",15
"1219",1983,"B67B50",2
"1220",1984,"B67B50",4
"1221",1985,"B67B50",10
"1222",1986,"B67B50",5
"1223",1987,"B67B50",16
"1224",1988,"B67B50",3
"1225",1990,"B67B50",1
"1226",1991,"B67B50",3
"1227",1997,"B67B50",1
"1228",1989,"BBA53D",120
"1229",1990,"BBA53D",8
"1230",1991,"BBA53D",12
"1231",1992,"BBA53D",36
"1232",1993,"BBA53D",60
"1233",1994,"BBA53D",36
"1234",1995,"BBA53D",26
"1235",1996,"BBA53D",74
"1236",1997,"BBA53D",87
"1237",1998,"BBA53D",55
"1238",1999,"BBA53D",66
"1239",2000,"BBA53D",17
"1240",2001,"BBA53D",36
"1241",2002,"BBA53D",54
"1242",2003,"BBA53D",32
"1243",2004,"BBA53D",39
"1244",2005,"BBA53D",29
"1245",2006,"BBA53D",24
"1246",2007,"BBA53D",28
"1247",2008,"BBA53D",29
"1248",2009,"BBA53D",32
"1249",2010,"BBA53D",9
"1250",2011,"BBA53D",59
"1251",2012,"BBA53D",64
"1252",2013,"BBA53D",328
"1253",2014,"BBA53D",18
"1254",2015,"BBA53D",14
"1255",2016,"BBA53D",16
"1256",2018,"BBA53D",15
"1257",2019,"BBA53D",9
"1258",2020,"BBA53D",2
"1259",2021,"BBA53D",5
"1260",1982,"BBE90B",2
"1261",1985,"BBE90B",1
"1262",1986,"BBE90B",13
"1263",1998,"BBE90B",7
"1264",1999,"BBE90B",12
"1265",2000,"BBE90B",68
"1266",2001,"BBE90B",54
"1267",2002,"BBE90B",205
"1268",2003,"BBE90B",177
"1269",2004,"BBE90B",322
"1270",2005,"BBE90B",321
"1271",2006,"BBE90B",519
"1272",2007,"BBE90B",585
"1273",2008,"BBE90B",782
"1274",2009,"BBE90B",1740
"1275",2010,"BBE90B",1883
"1276",2011,"BBE90B",791
"1277",2012,"BBE90B",1577
"1278",2013,"BBE90B",1558
"1279",2014,"BBE90B",1573
"1280",2015,"BBE90B",1361
"1281",2016,"BBE90B",1570
"1282",2017,"BBE90B",1848
"1283",2018,"BBE90B",1931
"1284",2019,"BBE90B",1597
"1285",2020,"BBE90B",2617
"1286",2021,"BBE90B",536
"1287",1963,"BD7D85",2
"1288",1963,"BDC618",21
"1289",2005,"BDC6AD",20
"1290",2006,"BDC6AD",1
"1291",2007,"BDC6AD",2
"1292",2008,"BDC6AD",27
"1293",2011,"BDC6AD",25
"1294",2015,"C0F500",7
"1295",2016,"C0F500",2
"1296",2017,"C0F500",1
"1297",2018,"C0F500",2
"1298",2003,"C1DFF0",94
"1299",2004,"C1DFF0",65
"1300",2005,"C1DFF0",48
"1301",2006,"C1DFF0",13
"1302",1992,"C2DAB8",14
"1303",1993,"C2DAB8",16
"1304",1994,"C2DAB8",8
"1305",1995,"C2DAB8",1
"1306",1996,"C2DAB8",1
"1307",1997,"C2DAB8",54
"1308",1998,"C2DAB8",27
"1309",1999,"C2DAB8",7
"1310",2000,"C2DAB8",1
"1311",2001,"C2DAB8",2
"1312",2002,"C2DAB8",5
"1313",2003,"C2DAB8",9
"1314",2005,"C2DAB8",23
"1315",1998,"C7D23C",37
"1316",1999,"C7D23C",7
"1317",2000,"C7D23C",6
"1318",2001,"C7D23C",17
"1319",2002,"C7D23C",2
"1320",2003,"C7D23C",41
"1321",2004,"C7D23C",48
"1322",2005,"C7D23C",6
"1323",1993,"C870A0",6
"1324",1994,"C870A0",162
"1325",1995,"C870A0",86
"1326",1996,"C870A0",141
"1327",1997,"C870A0",73
"1328",1998,"C870A0",116
"1329",1999,"C870A0",90
"1330",2000,"C870A0",36
"1331",2001,"C870A0",61
"1332",2002,"C870A0",57
"1333",2003,"C870A0",173
"1334",2004,"C870A0",176
"1335",2005,"C870A0",112
"1336",2006,"C870A0",55
"1337",2007,"C870A0",101
"1338",2008,"C870A0",122
"1339",2009,"C870A0",54
"1340",2010,"C870A0",366
"1341",2011,"C870A0",24
"1342",2012,"C870A0",353
"1343",2013,"C870A0",403
"1344",2014,"C870A0",544
"1345",2015,"C870A0",514
"1346",2016,"C870A0",445
"1347",2017,"C870A0",512
"1348",2018,"C870A0",722
"1349",2019,"C870A0",747
"1350",2020,"C870A0",1916
"1351",2021,"C870A0",276
"1352",1949,"C91A09",139
"1353",1950,"C91A09",3
"1354",1953,"C91A09",14
"1355",1954,"C91A09",69
"1356",1955,"C91A09",252
"1357",1956,"C91A09",69
"1358",1957,"C91A09",246
"1359",1958,"C91A09",325
"1360",1959,"C91A09",27
"1361",1960,"C91A09",160
"1362",1961,"C91A09",321
"1363",1962,"C91A09",448
"1364",1963,"C91A09",270
"1365",1964,"C91A09",468
"1366",1965,"C91A09",260
"1367",1966,"C91A09",1458
"1368",1967,"C91A09",938
"1369",1968,"C91A09",1458
"1370",1969,"C91A09",1599
"1371",1970,"C91A09",1060
"1372",1971,"C91A09",1281
"1373",1972,"C91A09",1068
"1374",1973,"C91A09",2233
"1375",1974,"C91A09",1169
"1376",1975,"C91A09",1346
"1377",1976,"C91A09",2360
"1378",1977,"C91A09",1994
"1379",1978,"C91A09",2479
"1380",1979,"C91A09",1209
"1381",1980,"C91A09",2088
"1382",1981,"C91A09",1535
"1383",1982,"C91A09",1105
"1384",1983,"C91A09",1066
"1385",1984,"C91A09",854
"1386",1985,"C91A09",3972
"1387",1986,"C91A09",2464
"1388",1987,"C91A09",2756
"1389",1988,"C91A09",1376
"1390",1989,"C91A09",1919
"1391",1990,"C91A09",4095
"1392",1991,"C91A09",4118
"1393",1992,"C91A09",1829
"1394",1993,"C91A09",2131
"1395",1994,"C91A09",3035
"1396",1995,"C91A09",3446
"1397",1996,"C91A09",3781
"1398",1997,"C91A09",3801
"1399",1998,"C91A09",6679
"1400",1999,"C91A09",3760
"1401",2000,"C91A09",3451
"1402",2001,"C91A09",3418
"1403",2002,"C91A09",5197
"1404",2003,"C91A09",5506
"1405",2004,"C91A09",5852
"1406",2005,"C91A09",6110
"1407",2006,"C91A09",8600
"1408",2007,"C91A09",8922
"1409",2008,"C91A09",6741
"1410",2009,"C91A09",8651
"1411",2010,"C91A09",9526
"1412",2011,"C91A09",7358
"1413",2012,"C91A09",6879
"1414",2013,"C91A09",8650
"1415",2014,"C91A09",8213
"1416",2015,"C91A09",8847
"1417",2016,"C91A09",8585
"1418",2017,"C91A09",9957
"1419",2018,"C91A09",10382
"1420",2019,"C91A09",10231
"1421",2020,"C91A09",12078
"1422",2021,"C91A09",2946
"1423",1994,"C9CAE2",30
"1424",1995,"C9CAE2",26
"1425",1996,"C9CAE2",31
"1426",1997,"C9CAE2",51
"1427",1998,"C9CAE2",18
"1428",1999,"C9CAE2",14
"1429",2000,"C9CAE2",3
"1430",2001,"C9CAE2",5
"1431",2002,"C9CAE2",3
"1432",2004,"C9CAE2",2
"1433",2005,"C9CAE2",2
"1434",2003,"C9E788",40
"1435",2004,"C9E788",38
"1436",2005,"C9E788",24
"1437",2006,"C9E788",17
"1438",1949,"CA1F08",31
"1439",2000,"CC702A",1
"1440",2010,"CC702A",318
"1441",2011,"CC702A",31
"1442",2012,"CC702A",232
"1443",2013,"CC702A",191
"1444",2014,"CC702A",498
"1445",2015,"CC702A",537
"1446",2016,"CC702A",1071
"1447",2017,"CC702A",1503
"1448",2018,"CC702A",1111
"1449",2019,"CC702A",1877
"1450",2020,"CC702A",2871
"1451",2021,"CC702A",558
"1452",1999,"CD6298",1
"1453",2003,"CD6298",5
"1454",2004,"CD6298",17
"1455",2005,"CD6298",47
"1456",2006,"CD6298",6
"1457",2007,"CD6298",3
"1458",2020,"CE1D9B",32
"1459",2021,"CE1D9B",3
"1460",2001,"CFE2F7",15
"1461",2002,"CFE2F7",38
"1462",2003,"CFE2F7",38
"1463",2004,"CFE2F7",89
"1464",2005,"CFE2F7",37
"1465",2006,"CFE2F7",57
"1466",2007,"CFE2F7",59
"1467",2008,"CFE2F7",5
"1468",2009,"CFE2F7",13
"1469",2010,"CFE2F7",9
"1470",2011,"CFE2F7",56
"1471",2012,"CFE2F7",65
"1472",2013,"CFE2F7",50
"1473",2014,"CFE2F7",35
"1474",2015,"CFE2F7",81
"1475",2016,"CFE2F7",60
"1476",2017,"CFE2F7",63
"1477",2018,"CFE2F7",8
"1478",2019,"CFE2F7",1
"1479",1979,"D09168",2
"1480",1980,"D09168",1
"1481",1982,"D09168",1
"1482",1985,"D09168",5
"1483",1986,"D09168",5
"1484",1989,"D09168",1
"1485",1990,"D09168",1
"1486",1991,"D09168",5
"1487",1996,"D09168",6
"1488",1997,"D09168",41
"1489",1998,"D09168",26
"1490",1999,"D09168",45
"1491",2000,"D09168",15
"1492",2001,"D09168",18
"1493",2002,"D09168",10
"1494",2004,"D09168",14
"1495",2005,"D09168",14
"1496",2006,"D09168",2
"1497",2007,"D09168",10
"1498",2008,"D09168",6
"1499",2010,"D09168",12
"1500",2011,"D09168",1
"1501",2012,"D09168",1
"1502",2013,"D09168",1
"1503",2014,"D09168",32
"1504",2015,"D09168",1
"1505",2016,"D09168",8
"1506",2017,"D09168",12
"1507",2018,"D09168",7
"1508",2019,"D09168",1
"1509",2020,"D09168",65
"1510",2021,"D09168",11
"1511",1993,"D4D5C9",5
"1512",1994,"D4D5C9",2
"1513",1995,"D4D5C9",3
"1514",1996,"D4D5C9",2
"1515",1998,"D4D5C9",5
"1516",1999,"D4D5C9",1
"1517",2000,"D4D5C9",26
"1518",2001,"D4D5C9",3
"1519",2002,"D4D5C9",15
"1520",2004,"D4D5C9",62
"1521",2005,"D4D5C9",14
"1522",2006,"D4D5C9",13
"1523",2007,"D4D5C9",32
"1524",2009,"D4D5C9",2
"1525",2010,"D4D5C9",4
"1526",2011,"D4D5C9",26
"1527",2001,"D67572",538
"1528",2002,"D67572",2
"1529",2003,"D67572",14
"1530",2004,"D67572",14
"1531",1998,"D9D9D9",1
"1532",2002,"D9D9D9",2
"1533",2004,"D9D9D9",2
"1534",2005,"D9D9D9",1
"1535",2012,"D9D9D9",41
"1536",2013,"D9D9D9",21
"1537",2014,"D9D9D9",77
"1538",2015,"D9D9D9",37
"1539",2016,"D9D9D9",1
"1540",2017,"D9D9D9",12
"1541",2018,"D9D9D9",29
"1542",2020,"D9D9D9",3
"1543",2021,"D9D9D9",7
"1544",1992,"D9E4A7",5
"1545",1998,"D9E4A7",5
"1546",1999,"D9E4A7",2
"1547",2001,"D9E4A7",2
"1548",2003,"D9E4A7",2
"1549",2004,"D9E4A7",4
"1550",2005,"D9E4A7",20
"1551",2006,"D9E4A7",1
"1552",2007,"D9E4A7",2
"1553",2010,"D9E4A7",60
"1554",2011,"D9E4A7",10
"1555",2012,"D9E4A7",59
"1556",2013,"D9E4A7",69
"1557",2014,"D9E4A7",226
"1558",2015,"D9E4A7",304
"1559",2016,"D9E4A7",299
"1560",2017,"D9E4A7",238
"1561",2018,"D9E4A7",321
"1562",2019,"D9E4A7",199
"1563",2020,"D9E4A7",183
"1564",2021,"D9E4A7",28
"1565",2001,"DAB000",10
"1566",2002,"DAB000",1
"1567",2003,"DAB000",8
"1568",2004,"DAB000",7
"1569",2005,"DAB000",44
"1570",2006,"DAB000",8
"1571",1997,"DBAC34",1
"1572",1998,"DBAC34",3
"1573",2000,"DBAC34",2
"1574",2001,"DBAC34",14
"1575",2005,"DBAC34",18
"1576",2006,"DBAC34",9
"1577",2007,"DBAC34",16
"1578",2008,"DBAC34",59
"1579",2009,"DBAC34",55
"1580",2010,"DBAC34",14
"1581",2011,"DBAC34",38
"1582",2012,"DBAC34",17
"1583",2013,"DBAC34",37
"1584",2014,"DBAC34",6
"1585",2015,"DBAC34",34
"1586",2016,"DBAC34",10
"1587",2017,"DBAC34",26
"1588",2018,"DBAC34",47
"1589",2019,"DBAC34",84
"1590",2020,"DBAC34",314
"1591",2021,"DBAC34",9
"1592",2004,"DCBC81",1
"1593",2006,"DCBC81",1
"1594",2020,"DCBC81",1
"1595",1963,"DEC69C",38
"1596",1998,"DF6695",2
"1597",1999,"DF6695",11
"1598",2000,"DF6695",22
"1599",2001,"DF6695",56
"1600",2002,"DF6695",59
"1601",2003,"DF6695",360
"1602",2004,"DF6695",420
"1603",2005,"DF6695",270
"1604",2006,"DF6695",129
"1605",2007,"DF6695",124
"1606",2008,"DF6695",44
"1607",2009,"DF6695",21
"1608",2010,"DF6695",140
"1609",2011,"DF6695",6
"1610",2012,"DF6695",48
"1611",2013,"DF6695",125
"1612",2014,"DF6695",88
"1613",2015,"DF6695",276
"1614",2016,"DF6695",337
"1615",2017,"DF6695",289
"1616",2018,"DF6695",361
"1617",2019,"DF6695",393
"1618",2020,"DF6695",290
"1619",2021,"DF6695",70
"1620",2012,"DFEEA5",4
"1621",2014,"DFEEA5",15
"1622",2015,"DFEEA5",339
"1623",2016,"DFEEA5",70
"1624",2017,"DFEEA5",241
"1625",2018,"DFEEA5",70
"1626",2019,"DFEEA5",199
"1627",2020,"DFEEA5",288
"1628",2021,"DFEEA5",36
"1629",1977,"E0E0E0",2
"1630",1993,"E0E0E0",1
"1631",1994,"E0E0E0",25
"1632",1995,"E0E0E0",62
"1633",1996,"E0E0E0",80
"1634",1997,"E0E0E0",107
"1635",1998,"E0E0E0",171
"1636",1999,"E0E0E0",93
"1637",2000,"E0E0E0",42
"1638",2001,"E0E0E0",66
"1639",2002,"E0E0E0",113
"1640",2003,"E0E0E0",115
"1641",2004,"E0E0E0",109
"1642",2005,"E0E0E0",30
"1643",2006,"E0E0E0",71
"1644",2007,"E0E0E0",29
"1645",2008,"E0E0E0",11
"1646",2009,"E0E0E0",11
"1647",2010,"E0E0E0",58
"1648",2011,"E0E0E0",20
"1649",2012,"E0E0E0",3
"1650",2013,"E0E0E0",26
"1651",2014,"E0E0E0",20
"1652",2015,"E0E0E0",10
"1653",2016,"E0E0E0",8
"1654",2018,"E0E0E0",24
"1655",2011,"E1D5ED",1
"1656",2012,"E1D5ED",22
"1657",2013,"E1D5ED",29
"1658",2014,"E1D5ED",49
"1659",2015,"E1D5ED",326
"1660",2016,"E1D5ED",350
"1661",2017,"E1D5ED",261
"1662",2018,"E1D5ED",311
"1663",2019,"E1D5ED",252
"1664",2020,"E1D5ED",765
"1665",2021,"E1D5ED",239
"1666",2003,"E4ADC8",133
"1667",2004,"E4ADC8",127
"1668",2005,"E4ADC8",214
"1669",2006,"E4ADC8",183
"1670",2007,"E4ADC8",23
"1671",2008,"E4ADC8",81
"1672",2009,"E4ADC8",82
"1673",2010,"E4ADC8",175
"1674",2011,"E4ADC8",136
"1675",2012,"E4ADC8",521
"1676",2013,"E4ADC8",453
"1677",2014,"E4ADC8",751
"1678",2015,"E4ADC8",579
"1679",2016,"E4ADC8",486
"1680",2017,"E4ADC8",366
"1681",2018,"E4ADC8",774
"1682",2019,"E4ADC8",1118
"1683",2020,"E4ADC8",1929
"1684",2021,"E4ADC8",795
"1685",1982,"E4CD9E",9
"1686",1986,"E4CD9E",19
"1687",1988,"E4CD9E",1
"1688",1992,"E4CD9E",7
"1689",1996,"E4CD9E",8
"1690",1997,"E4CD9E",30
"1691",1998,"E4CD9E",383
"1692",1999,"E4CD9E",389
"1693",2000,"E4CD9E",895
"1694",2001,"E4CD9E",888
"1695",2002,"E4CD9E",1284
"1696",2003,"E4CD9E",2436
"1697",2004,"E4CD9E",1266
"1698",2005,"E4CD9E",2821
"1699",2006,"E4CD9E",1080
"1700",2007,"E4CD9E",2295
"1701",2008,"E4CD9E",2729
"1702",2009,"E4CD9E",3522
"1703",2010,"E4CD9E",7654
"1704",2011,"E4CD9E",3637
"1705",2012,"E4CD9E",3646
"1706",2013,"E4CD9E",4968
"1707",2014,"E4CD9E",5143
"1708",2015,"E4CD9E",5318
"1709",2016,"E4CD9E",8334
"1710",2017,"E4CD9E",7601
"1711",2018,"E4CD9E",10435
"1712",2019,"E4CD9E",8017
"1713",2020,"E4CD9E",14350
"1714",2021,"E4CD9E",1913
"1715",1997,"E6E3DA",27
"1716",1998,"E6E3DA",4
"1717",1999,"E6E3DA",1
"1718",2000,"E6E3DA",3
"1719",2003,"E6E3DA",17
"1720",2004,"E6E3DA",4
"1721",2000,"E6E3E0",1
"1722",2004,"E6E3E0",26
"1723",2005,"E6E3E0",31
"1724",2006,"E6E3E0",88
"1725",2007,"E6E3E0",2
"1726",2008,"E6E3E0",1
"1727",2009,"E6E3E0",78
"1728",2010,"E6E3E0",6
"1729",2011,"E6E3E0",1
"1730",2013,"E6E3E0",3
"1731",1983,"EF9121",1
"1732",2003,"F08F1C",51
"1733",2004,"F08F1C",227
"1734",2005,"F08F1C",133
"1735",2006,"F08F1C",161
"1736",2007,"F08F1C",274
"1737",2008,"F08F1C",279
"1738",2009,"F08F1C",451
"1739",2010,"F08F1C",396
"1740",2011,"F08F1C",329
"1741",2012,"F08F1C",610
"1742",2013,"F08F1C",605
"1743",2014,"F08F1C",866
"1744",2015,"F08F1C",1308
"1745",2016,"F08F1C",1297
"1746",2017,"F08F1C",808
"1747",2018,"F08F1C",908
"1748",2019,"F08F1C",1066
"1749",2020,"F08F1C",1079
"1750",2021,"F08F1C",232
"1751",1997,"F2705E",100
"1752",1998,"F2705E",76
"1753",1999,"F2705E",2
"1754",2003,"F2705E",16
"1755",2004,"F2705E",2
"1756",1949,"F2CD37",106
"1757",1953,"F2CD37",13
"1758",1954,"F2CD37",16
"1759",1955,"F2CD37",185
"1760",1956,"F2CD37",6
"1761",1957,"F2CD37",20
"1762",1958,"F2CD37",205
"1763",1959,"F2CD37",6
"1764",1960,"F2CD37",30
"1765",1961,"F2CD37",46
"1766",1962,"F2CD37",349
"1767",1963,"F2CD37",56
"1768",1964,"F2CD37",57
"1769",1965,"F2CD37",111
"1770",1966,"F2CD37",383
"1771",1967,"F2CD37",356
"1772",1968,"F2CD37",558
"1773",1969,"F2CD37",571
"1774",1970,"F2CD37",363
"1775",1971,"F2CD37",344
"1776",1972,"F2CD37",608
"1777",1973,"F2CD37",857
"1778",1974,"F2CD37",701
"1779",1975,"F2CD37",697
"1780",1976,"F2CD37",1549
"1781",1977,"F2CD37",1591
"1782",1978,"F2CD37",2100
"1783",1979,"F2CD37",1573
"1784",1980,"F2CD37",1394
"1785",1981,"F2CD37",1412
"1786",1982,"F2CD37",966
"1787",1983,"F2CD37",601
"1788",1984,"F2CD37",887
"1789",1985,"F2CD37",2041
"1790",1986,"F2CD37",1822
"1791",1987,"F2CD37",1852
"1792",1988,"F2CD37",1309
"1793",1989,"F2CD37",2010
"1794",1990,"F2CD37",1893
"1795",1991,"F2CD37",2815
"1796",1992,"F2CD37",1257
"1797",1993,"F2CD37",1377
"1798",1994,"F2CD37",1558
"1799",1995,"F2CD37",3177
"1800",1996,"F2CD37",3118
"1801",1997,"F2CD37",3518
"1802",1998,"F2CD37",6453
"1803",1999,"F2CD37",3276
"1804",2000,"F2CD37",2694
"1805",2001,"F2CD37",2330
"1806",2002,"F2CD37",3034
"1807",2003,"F2CD37",3479
"1808",2004,"F2CD37",3915
"1809",2005,"F2CD37",5076
"1810",2006,"F2CD37",4564
"1811",2007,"F2CD37",4619
"1812",2008,"F2CD37",3892
"1813",2009,"F2CD37",5488
"1814",2010,"F2CD37",5415
"1815",2011,"F2CD37",3658
"1816",2012,"F2CD37",3978
"1817",2013,"F2CD37",4624
"1818",2014,"F2CD37",4433
"1819",2015,"F2CD37",4881
"1820",2016,"F2CD37",6174
"1821",2017,"F2CD37",4543
"1822",2018,"F2CD37",4876
"1823",2019,"F2CD37",4599
"1824",2020,"F2CD37",7573
"1825",2021,"F2CD37",1332
"1826",2003,"F2F3F2",12
"1827",2005,"F2F3F2",10
"1828",2006,"F2F3F2",15
"1829",1949,"F3C305",24
"1830",2000,"F3CF9B",3
"1831",1963,"F45C40",1
"1832",1963,"F47B30",22
"1833",1963,"F4F4F4",92
"1834",1969,"F5CD2F",2
"1835",1978,"F5CD2F",4
"1836",1979,"F5CD2F",111
"1837",1980,"F5CD2F",90
"1838",1981,"F5CD2F",51
"1839",1982,"F5CD2F",43
"1840",1983,"F5CD2F",36
"1841",1984,"F5CD2F",86
"1842",1985,"F5CD2F",112
"1843",1986,"F5CD2F",171
"1844",1987,"F5CD2F",93
"1845",1988,"F5CD2F",74
"1846",1989,"F5CD2F",122
"1847",1990,"F5CD2F",141
"1848",1991,"F5CD2F",202
"1849",1992,"F5CD2F",140
"1850",1993,"F5CD2F",144
"1851",1994,"F5CD2F",130
"1852",1995,"F5CD2F",144
"1853",1996,"F5CD2F",215
"1854",1997,"F5CD2F",93
"1855",1998,"F5CD2F",155
"1856",1999,"F5CD2F",198
"1857",2000,"F5CD2F",96
"1858",2001,"F5CD2F",61
"1859",2002,"F5CD2F",122
"1860",2003,"F5CD2F",286
"1861",2004,"F5CD2F",179
"1862",2005,"F5CD2F",162
"1863",2006,"F5CD2F",348
"1864",2007,"F5CD2F",375
"1865",2008,"F5CD2F",302
"1866",2009,"F5CD2F",388
"1867",2010,"F5CD2F",447
"1868",2011,"F5CD2F",437
"1869",2012,"F5CD2F",350
"1870",2013,"F5CD2F",527
"1871",2014,"F5CD2F",671
"1872",2015,"F5CD2F",701
"1873",2016,"F5CD2F",690
"1874",2017,"F5CD2F",958
"1875",2018,"F5CD2F",816
"1876",2019,"F5CD2F",472
"1877",2020,"F5CD2F",630
"1878",2021,"F5CD2F",113
"1879",1994,"F6D7B3",5
"1880",1996,"F6D7B3",12
"1881",1997,"F6D7B3",9
"1882",1998,"F6D7B3",14
"1883",1999,"F6D7B3",10
"1884",2000,"F6D7B3",5
"1885",2001,"F6D7B3",1
"1886",2002,"F6D7B3",1
"1887",2003,"F6D7B3",2
"1888",2004,"F6D7B3",6
"1889",2005,"F6D7B3",1
"1890",2010,"F6D7B3",10
"1891",2012,"F6D7B3",5
"1892",2013,"F6D7B3",21
"1893",2014,"F6D7B3",11
"1894",2015,"F6D7B3",9
"1895",2016,"F6D7B3",8
"1896",2017,"F6D7B3",10
"1897",2018,"F6D7B3",4
"1898",2020,"F6D7B3",16
"1899",2021,"F6D7B3",111
"1900",1963,"F785B1",15
"1901",1992,"F785B1",14
"1902",1993,"F785B1",30
"1903",1994,"F785B1",2
"1904",1995,"F785B1",2
"1905",1996,"F785B1",1
"1906",2002,"F785B1",1
"1907",2003,"F785B1",1
"1908",1963,"F7AD63",4
"1909",2002,"F8BB3D",1
"1910",2003,"F8BB3D",4
"1911",2004,"F8BB3D",32
"1912",2005,"F8BB3D",167
"1913",2006,"F8BB3D",106
"1914",2007,"F8BB3D",67
"1915",2008,"F8BB3D",67
"1916",2009,"F8BB3D",114
"1917",2010,"F8BB3D",103
"1918",2011,"F8BB3D",99
"1919",2012,"F8BB3D",251
"1920",2013,"F8BB3D",931
"1921",2014,"F8BB3D",732
"1922",2015,"F8BB3D",1298
"1923",2016,"F8BB3D",1239
"1924",2017,"F8BB3D",1290
"1925",2018,"F8BB3D",1333
"1926",2019,"F8BB3D",1204
"1927",2020,"F8BB3D",1763
"1928",2021,"F8BB3D",480
"1929",1988,"F8F184",4
"1930",1990,"F8F184",113
"1931",1991,"F8F184",217
"1932",1992,"F8F184",10
"1933",1993,"F8F184",34
"1934",1994,"F8F184",79
"1935",1995,"F8F184",97
"1936",1996,"F8F184",183
"1937",1997,"F8F184",364
"1938",1998,"F8F184",432
"1939",1999,"F8F184",272
"1940",2000,"F8F184",215
"1941",2001,"F8F184",306
"1942",2002,"F8F184",268
"1943",2003,"F8F184",163
"1944",2004,"F8F184",121
"1945",2005,"F8F184",155
"1946",2006,"F8F184",314
"1947",2007,"F8F184",272
"1948",2008,"F8F184",435
"1949",2009,"F8F184",138
"1950",2010,"F8F184",60
"1951",2011,"F8F184",132
"1952",2012,"F8F184",261
"1953",2013,"F8F184",256
"1954",2014,"F8F184",191
"1955",2015,"F8F184",429
"1956",2016,"F8F184",390
"1957",2017,"F8F184",113
"1958",2018,"F8F184",175
"1959",2019,"F8F184",172
"1960",2020,"F8F184",455
"1961",2021,"F8F184",18
"1962",1998,"F9BA61",21
"1963",2000,"F9BA61",6
"1964",2002,"F9BA61",8
"1965",2003,"F9BA61",5
"1966",2004,"F9BA61",4
"1967",2005,"F9BA61",1
"1968",1982,"FA9C1C",14
"1969",1983,"FA9C1C",1
"1970",1984,"FA9C1C",1
"1971",1985,"FA9C1C",3
"1972",1986,"FA9C1C",1
"1973",1987,"FA9C1C",3
"1974",1990,"FA9C1C",8
"1975",1991,"FA9C1C",2
"1976",1993,"FA9C1C",5
"1977",1994,"FA9C1C",4
"1978",1995,"FA9C1C",3
"1979",1997,"FA9C1C",20
"1980",1998,"FA9C1C",14
"1981",1999,"FA9C1C",11
"1982",2000,"FA9C1C",10
"1983",2001,"FA9C1C",3
"1984",2003,"FA9C1C",6
"1985",2004,"FA9C1C",17
"1986",2005,"FA9C1C",12
"1987",2006,"FA9C1C",1
"1988",1993,"FBE696",1
"1989",1994,"FBE696",28
"1990",1995,"FBE696",2
"1991",1996,"FBE696",12
"1992",1997,"FBE696",43
"1993",1998,"FBE696",27
"1994",1999,"FBE696",32
"1995",2000,"FBE696",29
"1996",2001,"FBE696",52
"1997",2002,"FBE696",88
"1998",2003,"FBE696",17
"1999",2004,"FBE696",3
"2000",2005,"FBE696",3
"2001",2007,"FBE696",2
"2002",2001,"FBE890",2
"2003",2003,"FBE890",58
"2004",2004,"FBE890",85
"2005",2005,"FBE890",4
"2006",2006,"FBE890",14
"2007",1991,"FC97AC",6
"2008",1992,"FC97AC",125
"2009",1993,"FC97AC",97
"2010",1994,"FC97AC",74
"2011",1995,"FC97AC",88
"2012",1996,"FC97AC",64
"2013",1997,"FC97AC",40
"2014",1998,"FC97AC",3
"2015",1999,"FC97AC",43
"2016",2000,"FC97AC",13
"2017",2001,"FC97AC",4
"2018",2002,"FC97AC",17
"2019",2003,"FC97AC",40
"2020",2004,"FC97AC",30
"2021",2005,"FC97AC",6
"2022",2006,"FC97AC",2
"2023",2007,"FC97AC",1
"2024",2003,"FCB76D",96
"2025",2004,"FCB76D",57
"2026",2005,"FCB76D",29
"2027",2006,"FCB76D",29
"2028",1954,"FCFCFC",2
"2029",1955,"FCFCFC",43
"2030",1956,"FCFCFC",9
"2031",1957,"FCFCFC",55
"2032",1958,"FCFCFC",208
"2033",1959,"FCFCFC",2
"2034",1960,"FCFCFC",26
"2035",1961,"FCFCFC",140
"2036",1962,"FCFCFC",463
"2037",1963,"FCFCFC",64
"2038",1964,"FCFCFC",57
"2039",1965,"FCFCFC",86
"2040",1966,"FCFCFC",313
"2041",1967,"FCFCFC",101
"2042",1968,"FCFCFC",186
"2043",1969,"FCFCFC",433
"2044",1970,"FCFCFC",180
"2045",1971,"FCFCFC",117
"2046",1972,"FCFCFC",83
"2047",1973,"FCFCFC",216
"2048",1974,"FCFCFC",183
"2049",1975,"FCFCFC",119
"2050",1976,"FCFCFC",258
"2051",1977,"FCFCFC",410
"2052",1978,"FCFCFC",220
"2053",1979,"FCFCFC",92
"2054",1980,"FCFCFC",175
"2055",1981,"FCFCFC",147
"2056",1982,"FCFCFC",54
"2057",1983,"FCFCFC",123
"2058",1984,"FCFCFC",90
"2059",1985,"FCFCFC",392
"2060",1986,"FCFCFC",152
"2061",1987,"FCFCFC",191
"2062",1988,"FCFCFC",89
"2063",1989,"FCFCFC",118
"2064",1990,"FCFCFC",177
"2065",1991,"FCFCFC",316
"2066",1992,"FCFCFC",111
"2067",1993,"FCFCFC",181
"2068",1994,"FCFCFC",108
"2069",1995,"FCFCFC",81
"2070",1996,"FCFCFC",154
"2071",1997,"FCFCFC",162
"2072",1998,"FCFCFC",209
"2073",1999,"FCFCFC",154
"2074",2000,"FCFCFC",295
"2075",2001,"FCFCFC",232
"2076",2002,"FCFCFC",292
"2077",2003,"FCFCFC",411
"2078",2004,"FCFCFC",499
"2079",2005,"FCFCFC",436
"2080",2006,"FCFCFC",651
"2081",2007,"FCFCFC",544
"2082",2008,"FCFCFC",970
"2083",2009,"FCFCFC",1052
"2084",2010,"FCFCFC",1282
"2085",2011,"FCFCFC",1229
"2086",2012,"FCFCFC",1211
"2087",2013,"FCFCFC",1233
"2088",2014,"FCFCFC",1520
"2089",2015,"FCFCFC",2086
"2090",2016,"FCFCFC",2128
"2091",2017,"FCFCFC",2387
"2092",2018,"FCFCFC",2312
"2093",2019,"FCFCFC",1822
"2094",2020,"FCFCFC",2047
"2095",2021,"FCFCFC",446
"2096",1998,"FE8A18",134
"2097",1999,"FE8A18",152
"2098",2000,"FE8A18",346
"2099",2001,"FE8A18",223
"2100",2002,"FE8A18",713
"2101",2003,"FE8A18",679
"2102",2004,"FE8A18",1075
"2103",2005,"FE8A18",1282
"2104",2006,"FE8A18",836
"2105",2007,"FE8A18",527
"2106",2008,"FE8A18",1275
"2107",2009,"FE8A18",1519
"2108",2010,"FE8A18",1696
"2109",2011,"FE8A18",815
"2110",2012,"FE8A18",1337
"2111",2013,"FE8A18",1479
"2112",2014,"FE8A18",1791
"2113",2015,"FE8A18",1705
"2114",2016,"FE8A18",1597
"2115",2017,"FE8A18",2122
"2116",2018,"FE8A18",2846
"2117",2019,"FE8A18",2112
"2118",2020,"FE8A18",2793
"2119",2021,"FE8A18",432
"2120",1997,"FEBABD",150
"2121",1998,"FEBABD",17
"2122",1999,"FEBABD",2
"2123",1994,"FECCCF",1
"2124",1995,"FECCCF",2
"2125",1996,"FECCCF",1
"2126",1997,"FECCCF",1
"2127",1999,"FECCCF",2
"2128",2002,"FECCCF",2
"2129",2003,"FECCCF",1
"2130",2006,"FECCCF",1
"2131",2007,"FECCCF",1
"2132",1963,"FED557",15
"2133",2019,"FF698F",399
"2134",2020,"FF698F",712
"2135",2021,"FF698F",224
"2136",1993,"FF800D",163
"2137",1994,"FF800D",21
"2138",1995,"FF800D",78
"2139",1996,"FF800D",131
"2140",1997,"FF800D",135
"2141",1998,"FF800D",92
"2142",1999,"FF800D",156
"2143",2000,"FF800D",220
"2144",2001,"FF800D",268
"2145",2002,"FF800D",191
"2146",2003,"FF800D",231
"2147",2004,"FF800D",225
"2148",2005,"FF800D",281
"2149",2006,"FF800D",243
"2150",2007,"FF800D",145
"2151",2008,"FF800D",177
"2152",2009,"FF800D",203
"2153",2010,"FF800D",210
"2154",2011,"FF800D",214
"2155",2012,"FF800D",184
"2156",2013,"FF800D",103
"2157",2014,"FF800D",261
"2158",2015,"FF800D",163
"2159",2016,"FF800D",734
"2160",2017,"FF800D",519
"2161",2018,"FF800D",324
"2162",2019,"FF800D",67
"2163",2020,"FF800D",395
"2164",2021,"FF800D",2
"2165",1996,"FFA70B",2
"2166",1997,"FFA70B",14
"2167",1998,"FFA70B",74
"2168",1999,"FFA70B",13
"2169",2000,"FFA70B",16
"2170",2001,"FFA70B",25
"2171",2002,"FFA70B",85
"2172",2003,"FFA70B",126
"2173",2004,"FFA70B",60
"2174",2005,"FFA70B",11
"2175",2006,"FFA70B",6
"2176",2007,"FFA70B",6
"2177",2008,"FFA70B",3
"2178",1963,"FFE371",1
"2179",2004,"FFF03A",30
"2180",2005,"FFF03A",10
"2181",2006,"FFF03A",27
"2182",2007,"FFF03A",10
"2183",2008,"FFF03A",1
"2184",2009,"FFF03A",5
"2185",2010,"FFF03A",7
"2186",2011,"FFF03A",4
"2187",2012,"FFF03A",20
"2188",2013,"FFF03A",49
"2189",2014,"FFF03A",106
"2190",2015,"FFF03A",109
"2191",2016,"FFF03A",66
"2192",2017,"FFF03A",170
"2193",2018,"FFF03A",301
"2194",2019,"FFF03A",327
"2195",2020,"FFF03A",1192
"2196",2021,"FFF03A",219
"2197",1949,"FFFFFF",185
"2198",1953,"FFFFFF",13
"2199",1954,"FFFFFF",68
"2200",1955,"FFFFFF",376
"2201",1956,"FFFFFF",149
"2202",1957,"FFFFFF",474
"2203",1958,"FFFFFF",790
"2204",1959,"FFFFFF",2
"2205",1960,"FFFFFF",237
"2206",1961,"FFFFFF",640
"2207",1962,"FFFFFF",757
"2208",1963,"FFFFFF",262
"2209",1964,"FFFFFF",283
"2210",1965,"FFFFFF",276
"2211",1966,"FFFFFF",1521
"2212",1967,"FFFFFF",624
"2213",1968,"FFFFFF",968
"2214",1969,"FFFFFF",1243
"2215",1970,"FFFFFF",833
"2216",1971,"FFFFFF",1012
"2217",1972,"FFFFFF",713
"2218",1973,"FFFFFF",1681
"2219",1974,"FFFFFF",876
"2220",1975,"FFFFFF",450
"2221",1976,"FFFFFF",1824
"2222",1977,"FFFFFF",1071
"2223",1978,"FFFFFF",1586
"2224",1979,"FFFFFF",1230
"2225",1980,"FFFFFF",814
"2226",1981,"FFFFFF",1056
"2227",1982,"FFFFFF",861
"2228",1983,"FFFFFF",1094
"2229",1984,"FFFFFF",562
"2230",1985,"FFFFFF",2023
"2231",1986,"FFFFFF",2856
"2232",1987,"FFFFFF",2665
"2233",1988,"FFFFFF",2210
"2234",1989,"FFFFFF",1926
"2235",1990,"FFFFFF",3047
"2236",1991,"FFFFFF",3709
"2237",1992,"FFFFFF",2312
"2238",1993,"FFFFFF",2949
"2239",1994,"FFFFFF",2393
"2240",1995,"FFFFFF",3251
"2241",1996,"FFFFFF",5444
"2242",1997,"FFFFFF",2861
"2243",1998,"FFFFFF",5520
"2244",1999,"FFFFFF",3934
"2245",2000,"FFFFFF",2945
"2246",2001,"FFFFFF",3591
"2247",2002,"FFFFFF",4288
"2248",2003,"FFFFFF",9595
"2249",2004,"FFFFFF",7279
"2250",2005,"FFFFFF",6210
"2251",2006,"FFFFFF",8224
"2252",2007,"FFFFFF",8637
"2253",2008,"FFFFFF",14311
"2254",2009,"FFFFFF",9416
"2255",2010,"FFFFFF",14382
"2256",2011,"FFFFFF",9325
"2257",2012,"FFFFFF",9393
"2258",2013,"FFFFFF",12030
"2259",2014,"FFFFFF",11598
"2260",2015,"FFFFFF",14043
"2261",2016,"FFFFFF",14945
"2262",2017,"FFFFFF",19474
"2263",2018,"FFFFFF",18054
"2264",2019,"FFFFFF",19589
"2265",2020,"FFFFFF",20484
"2266",2021,"FFFFFF",5476
