"","theme_name","x"
"94","384",1337
"2","104",1278
"15","139",1223
"78","339",799
"118","66",726
"3","108",667
"87","352",577
"120","72",528
"71","318",471
"100","400",448
"86","350",437
"85","35",428
"12","130",418
"52","235",402
"108","45",342
"72","324",332
"31","191",330
"70","287",303
"65","267",273
"114","54",259
"96","390",254
"83","346",190
"82","345",186
"35","195",173
"76","336",171
"112","51",137
"28","189",136
"50","233",110
"18","149",107
"19","152",106
"6","116",105
"110","47",103
"63","263",89
"44","222",88
"57","248",88
"40","214",86
"74","33",86
"119","7",83
"117","64",82
"67","284",73
"90","360",71
"36","196",68
"124","85",68
"131","94",68
"41","215",67
"26","176",66
"10","129",62
"81","344",56
"38","20",55
"37","2",52
"54","240",51
"84","347",51
"116","59",50
"32","192",49
"5","112",47
"8","125",46
"73","329",45
"123","83",44
"4","110",42
"27","178",42
"89","356",40
"1","102",39
"33","193",38
"29","19",37
"20","154",32
"22","159",32
"11","13",31
"51","234",31
"111","50",30
"113","53",28
"121","8",28
"46","225",26
"59","256",26
"98","398",26
"49","23",24
"105","420",24
"60","257",23
"104","412",22
"88","353",21
"95","387",21
"99","40",21
"130","92",21
"14","136",20
"23","165",19
"43","218",19
"106","422",19
"107","423",19
"34","194",18
"39","206",17
"58","252",17
"66","281",17
"45","224",16
"47","226",14
"48","227",14
"61","260",14
"75","335",14
"25","170",13
"55","242",13
"128","90",13
"122","80",12
"64","265",11
"69","286",10
"115","55",10
"21","156",9
"56","245",9
"68","285",9
"93","371",9
"97","392",9
"91","364",8
"129","91",8
"7","117",7
"102","404",7
"103","407",7
"125","86",7
"127","88",7
"16","14",6
"30","190",6
"62","261",6
"79","34",6
"126","87",6
"42","217",5
"132","97",5
"9","128",4
"13","133",4
"24","168",4
"77","337",4
"80","343",4
"109","46",4
"17","141",3
"53","24",2
"92","366",2
"101","401",2
